1,google.com
2,microsoft.com
3,www.google.com
4,data.microsoft.com
5,events.data.microsoft.com
6,office.com
7,live.com
8,windowsupdate.com
9,ctldl.windowsupdate.com
10,microsoftonline.com
11,login.microsoftonline.com
12,apple.com
13,clientservices.googleapis.com
14,amazonaws.com
15,settings-win.data.microsoft.com
16,safebrowsing.googleapis.com
17,digicert.com
18,ecs.office.com
19,update.googleapis.com
20,accounts.google.com
21,e2ro.com
22,googleusercontent.com
23,node.e2ro.com
24,mp.microsoft.com
25,play.google.com
26,office.net
27,skype.com
28,doubleclick.net
29,officeapps.live.com
30,mobile.events.data.microsoft.com
31,bing.com
32,edge.skype.com
33,config.edge.skype.com
34,g.doubleclick.net
35,www.googleapis.com
36,teams.microsoft.com
37,ocsp.digicert.com
38,clients4.google.com
39,clients6.google.com
40,office365.com
41,msn.com
42,edge.microsoft.com
43,optimizationguide-pa.googleapis.com
44,google-analytics.com
45,outlook.office365.com
46,facebook.com
47,windows.net
48,lh3.googleusercontent.com
49,dsp.mp.microsoft.com
50,icloud.com
51,fonts.googleapis.com
52,do.dsp.mp.microsoft.com
53,prod.do.dsp.mp.microsoft.com
54,mtalk.google.com
55,com.akadns.net
56,googleads.g.doubleclick.net
57,googletagmanager.com
58,www.googletagmanager.com
59,youtube.com
60,www.google-analytics.com
61,www.bing.com
62,aaplimg.com
63,ls.apple.com
64,graph.microsoft.com
65,config.teams.microsoft.com
66,sharepoint.com
67,outlook.office.com
68,apple-dns.net
69,lencr.org
70,cloudflare.com
71,core.windows.net
72,g.aaplimg.com
73,content-autofill.googleapis.com
74,login.live.com
75,windows.com
76,amazon.com
77,c.lencr.org
78,substrate.office.com
79,x1.c.lencr.org
80,googleadservices.com
81,www.googleadservices.com
82,play.googleapis.com
83,teams.events.data.microsoft.com
84,self.events.data.microsoft.com
85,ogads-pa.clients6.google.com
86,itunes.apple.com
87,cdn.office.net
88,www.youtube.com
89,assets.msn.com
90,v10.events.data.microsoft.com
91,manage.microsoft.com
92,pki.goog
93,clients2.google.com
94,ytimg.com
95,measure.office.net
96,nel.measure.office.net
97,i.ytimg.com
98,roaming.officeapps.live.com
99,azure.com
100,time.apple.com
101,c.pki.goog
102,fe2.apple-dns.net
103,push.apple.com
104,netflix.com
105,smartscreen.microsoft.com
106,browser.events.data.microsoft.com
107,googlesyndication.com
108,officeclient.microsoft.com
109,measure.office.com
110,time.g.aaplimg.com
111,fp.measure.office.com
112,config.office.net
113,clients.config.office.net
114,storage.live.com
115,delivery.mp.microsoft.com
116,gvt2.com
117,us-mobile.events.data.microsoft.com
118,pagead2.googlesyndication.com
119,logs.netflix.com
120,bag.itunes.apple.com
121,www.facebook.com
122,outlook.com
123,upload.fp.measure.office.com
124,sentry.io
125,us-v20.events.data.microsoft.com
126,gateway.icloud.com
127,mask.icloud.com
128,opendns.com
129,us-west-2.amazonaws.com
130,gcp.gvt2.com
131,gateway.fe2.apple-dns.net
132,ftl.netflix.com
133,th.bing.com
134,docs.google.com
135,beacons.gcp.gvt2.com
136,static.microsoft
137,exo.nel.measure.office.net
138,itunes-apple.com.akadns.net
139,yahoo.com
140,img-s-msn-com.akamaized.net
141,us-v10c.events.data.microsoft.com
142,gvt1.com
143,waa-pa.clients6.google.com
144,ocsp2.apple.com
145,prod.ftl.netflix.com
146,apple.com.akadns.net
147,apis.google.com
148,trouter.teams.microsoft.com
149,configuration.ls.apple.com
150,clients.google.com
151,android.clients.google.com
152,msftconnecttest.com
153,api.msn.com
154,update.microsoft.com
155,v20.events.data.microsoft.com
156,www.msftconnecttest.com
157,gdmf.apple.com
158,fbcdn.net
159,scorecardresearch.com
160,ls-apple.com.akadns.net
161,me.gvt1.com
162,edgedl.me.gvt1.com
163,windows.msn.com
164,ipv4only.arpa
165,ad.doubleclick.net
166,graph.facebook.com
167,signaler-pa.clients6.google.com
168,flightproxy.teams.microsoft.com
169,ess.apple.com
170,analytics.google.com
171,safebrowsing.google.com
172,gsp-ssl.ls.apple.com
173,stats.g.doubleclick.net
174,ogs.google.com
175,adobe.com
176,mask.apple-dns.net
177,wd.microsoft.com
178,aa-rt.sharepoint.com
179,cdn-apple.com
180,sb.scorecardresearch.com
181,cp.wd.microsoft.com
182,prod.netflix.com
183,push.prod.netflix.com
184,mail.google.com
185,onecdn.static.microsoft
186,public.onecdn.static.microsoft
187,teams.cdn.office.net
188,statics.teams.cdn.office.net
189,res.office365.com
190,fe3cr.delivery.mp.microsoft.com
191,tpc.googlesyndication.com
192,delve.office.com
193,loki.delve.office.com
194,mesu.apple.com
195,cloud.microsoft
196,ocsp2-lb.apple.com.akadns.net
197,cloudapp.azure.com
198,addons-pa.clients6.google.com
199,fastly.net
200,bag-cdn.itunes-apple.com.akadns.net
201,googlevideo.com
202,ntp.org
203,pool.ntp.org
204,crl3.digicert.com
205,res.public.onecdn.static.microsoft
206,iphone-ld.apple.com
207,api.flightproxy.teams.microsoft.com
208,api.amazon.com
209,augloop.office.com
210,nrdp-ipv6.prod.ftl.netflix.com
211,c.bing.com
212,lh3.google.com
213,msedge.net
214,mask-h2.icloud.com
215,wyzecam.com
216,global.aa-rt.sharepoint.com
217,gr.global.aa-rt.sharepoint.com
218,odc.officeapps.live.com
219,facebook.net
220,connect.facebook.net
221,www.msn.com
222,xx.fbcdn.net
223,r4.res.office365.com
224,go.trouter.teams.microsoft.com
225,api.wyzecam.com
226,app-measurement.com
227,instagram.com
228,entrust.net
229,v.aaplimg.com
230,origin-apple.com.akadns.net
231,sfx.ms
232,ocsp.entrust.net
233,arc.msn.com
234,oneclient.sfx.ms
235,mos.microsoft.com
236,prod.mos.microsoft.com
237,titles.prod.mos.microsoft.com
238,protection.outlook.com
239,clients3.google.com
240,osi.office.net
241,res.cdn.office.net
242,amazon-adsystem.com
243,presence.teams.microsoft.com
244,safebrowsing.apple
245,time.windows.com
246,adnxs.com
247,netflix.net
248,kv601.prod.do.dsp.mp.microsoft.com
249,partner.netflix.net
250,prod.partner.netflix.net
251,device-api.wyzecam.com
252,srtb.msn.com
253,teams.cloud.microsoft
254,preapp.prod.partner.netflix.net
255,aria.microsoft.com
256,securepubads.g.doubleclick.net
257,pipe.aria.microsoft.com
258,init.ess.apple.com
259,doh.opendns.com
260,configservice.wyzecam.com
261,beacons.gvt2.com
262,nr-data.net
263,gs-loc.apple.com
264,ggpht.com
265,g.live.com
266,edge-mqtt.facebook.com
267,demdex.net
268,app-analytics-services.com
269,adobe.io
270,gspe79-ssl.ls.apple.com
271,yt3.ggpht.com
272,asyncgw.teams.microsoft.com
273,init.push.apple.com
274,cdnjs.cloudflare.com
275,linkedin.com
276,nleditor.osi.office.net
277,whatsapp.net
278,ingest.sentry.io
279,smoot.apple.com
280,google-ohttp-relay-safebrowsing.fastly-edge.com
281,static.doubleclick.net
282,gateway.facebook.com
283,unitedstates.cp.wd.microsoft.com
284,geo.prod.do.dsp.mp.microsoft.com
285,dl.delivery.mp.microsoft.com
286,adsrvr.org
287,fe2cr.update.microsoft.com
288,c10r.facebook.com
289,tlu.dl.delivery.mp.microsoft.com
290,activity.windows.com
291,res-1.cdn.office.net
292,id.google.com
293,cisco.com
294,www.apple.com
295,ocws.officeapps.live.com
296,dm.microsoft.com
297,storage.googleapis.com
298,nist.gov
299,xp.apple.com
300,nel.cloudflare.com
301,a.nel.cloudflare.com
302,bam.nr-data.net
303,configuration-lb.ls-apple.com.akadns.net
304,checkin.dm.microsoft.com
305,go.microsoft.com
306,kv501.prod.do.dsp.mp.microsoft.com
307,dpm.demdex.net
308,accounts.youtube.com
309,asm.skype.com
310,safesearch.googleapis.com
311,us-prod.asyncgw.teams.microsoft.com
312,rubiconproject.com
313,jnn-pa.googleapis.com
314,dsce9.akamaiedge.net
315,web.facebook.com
316,pubmatic.com
317,m.google.com
318,snapchat.com
319,play-fe.googleapis.com
320,cm.g.doubleclick.net
321,peoplestack-pa.clients6.google.com
322,ib.adnxs.com
323,virtualearth.net
324,launchdarkly.com
325,elb.amazonaws.com
326,a2z.com
327,pendo.io
328,umbrella.com
329,criteo.com
330,dev.virtualearth.net
331,jsdelivr.net
332,cdn.jsdelivr.net
333,firebaselogging-pa.googleapis.com
334,drive.google.com
335,cdp.microsoft.com
336,api.cdp.microsoft.com
337,nexusrules.officeapps.live.com
338,msedge.api.cdp.microsoft.com
339,casalemedia.com
340,doh.umbrella.com
341,td.doubleclick.net
342,licensing.mp.microsoft.com
343,notifications-pa.googleapis.com
344,xpaywalletcdn-prod.azureedge.net
345,proxy.safebrowsing.apple
346,youtubei.googleapis.com
347,googlezip.net
348,unitedstates.smartscreen.microsoft.com
349,mrodevicemgr.officeapps.live.com
350,i.instagram.com
351,dataservice.protection.outlook.com
352,us-api.asm.skype.com
353,nam.loki.delve.office.com
354,config.fp.measure.office.com
355,iris.microsoft.com
356,api.iris.microsoft.com
357,suite.office.com
358,webshell.suite.office.com
359,c.msn.com
360,drivefrontend-pa.googleapis.com
361,peoplestackwebexperiments-pa.clients6.google.com
362,spotify.com
363,kt-prod.ess.apple.com
364,firebaseremoteconfig.googleapis.com
365,rlcdn.com
366,ade.googlesyndication.com
367,browser.pipe.aria.microsoft.com
368,c.amazon-adsystem.com
369,googletagservices.com
370,www.googletagservices.com
371,s.amazon-adsystem.com
372,openx.net
373,android.googleapis.com
374,oauthaccountmanager.googleapis.com
375,ads.linkedin.com
376,m365cdn.nel.measure.office.net
377,safeframe.googlesyndication.com
378,fd.api.iris.microsoft.com
379,px.ads.linkedin.com
380,msftncsi.com
381,iot.us-west-2.amazonaws.com
382,mask-api.icloud.com
383,tunnel.googlezip.net
384,gsp85-ssl.ls.apple.com
385,bidswitch.net
386,tm-4.office.com
387,autodiscover-s.outlook.com
388,guzzoni.apple.com
389,metrics.icloud.com
390,bat.bing.com
391,2mdn.net
392,mzstatic.com
393,cookielaw.org
394,cdn.cookielaw.org
395,adtrafficquality.google
396,3lift.com
397,devices.a2z.com
398,star.c10r.facebook.com
399,people-pa.googleapis.com
400,appsflyersdk.com
401,gspe35-ssl.ls.apple.com
402,time-a.nist.gov
403,configuration.apple.com
404,init-p01md.apple.com
405,slscr.update.microsoft.com
406,apps.apple.com
407,enterprise.activity.windows.com
408,he.net
409,l.google.com
410,taboola.com
411,news-edge.apple.com
412,fmt.he.net
413,clock.fmt.he.net
414,doubleverify.com
415,ep1.adtrafficquality.google
416,time-b.nist.gov
417,tools.google.com
418,s0.2mdn.net
419,graph.instagram.com
420,chromereporting-pa.googleapis.com
421,wns.windows.com
422,download.windowsupdate.com
423,cornell.edu
424,g.whatsapp.net
425,dds.microsoft.com
426,ep2.adtrafficquality.google
427,gspe19-2-ssl.ls.apple.com
428,dsx.mp.microsoft.com
429,apple.map.fastly.net
430,storeedgefd.dsx.mp.microsoft.com
431,ntp0.cornell.edu
432,match.adsrvr.org
433,x.bidswitch.net
434,appcenter.ms
435,fcmconnection.googleapis.com
436,init.itunes.apple.com
437,svc.ms
438,dns.msftncsi.com
439,weatherkit.apple.com
440,cloudmessaging.edge.microsoft.com
441,access-point.cloudmessaging.edge.microsoft.com
442,microsoftapp.net
443,skydrive.wns.windows.com
444,licdn.com
445,kv801.prod.do.dsp.mp.microsoft.com
446,pancake.apple.com
447,agkn.com
448,contacts.google.com
449,eastus.cloudapp.azure.com
450,cc-api-data.adobe.io
451,smartadserver.com
452,www.microsoft.com
453,tapad.com
454,captive.apple.com
455,in.appcenter.ms
456,analytics.yahoo.com
457,inbox.google.com
458,devicelistenerprod.microsoft.com
459,adsafeprotected.com
460,token.safebrowsing.apple
461,data.pendo.io
462,pubads.g.doubleclick.net
463,mesu-cdn.origin-apple.com.akadns.net
464,amazon.dev
465,cloud.netflix.com
466,prod.cloud.netflix.com
467,pixel.rubiconproject.com
468,swallow.apple.com
469,telephony.goog
470,apis.apple.map.fastly.net
471,h3.apis.apple.map.fastly.net
472,cdninstagram.com
473,cl2.apple.com
474,edge.microsoftapp.net
475,static.edge.microsoftapp.net
476,msftauth.net
477,crashlytics.com
478,firebaseinstallations.googleapis.com
479,media-amazon.com
480,ajax.googleapis.com
481,cs.dds.microsoft.com
482,adobedtm.com
483,nelreports.net
484,assets.adobedtm.com
485,engagement.office.com
486,media.net
487,messaging.engagement.office.com
488,rcs.telephony.goog
489,gsp-ssl.ls-apple.com.akadns.net
490,ampproject.org
491,cdn.ampproject.org
492,monitor.azure.com
493,sentinelone.net
494,nav-edge.smartscreen.microsoft.com
495,e673.dsce9.akamaiedge.net
496,passwordsleakcheck-pa.googleapis.com
497,outbrain.com
498,m.media-amazon.com
499,westus.cloudapp.azure.com
500,ow1.res.office365.com
501,maps.googleapis.com
502,dns.opendns.com
503,browser-intake-datadoghq.com
504,ocsp2.g.aaplimg.com
505,gum.criteo.com
506,aax.amazon-adsystem.com
507,espresso-pa.clients6.google.com
508,dns.umbrella.com
509,firebase-settings.crashlytics.com
510,bag-cdn-lb.itunes-apple.com.akadns.net
511,liadm.com
512,svc.cloud.microsoft
513,dgw.c10r.facebook.com
514,appsgrowthpromo-pa.clients6.google.com
515,centralus.cloudapp.azure.com
516,mqtt.c10r.facebook.com
517,sharethrough.com
518,newrelic.com
519,com.edgesuite.net
520,twitter.com
521,gspe79-cdn.g.aaplimg.com
522,cdn.whatsapp.net
523,pixel.tapad.com
524,live.net
525,cdn.pendo.io
526,nel.goog
527,b1.nel.goog
528,scontent.xx.fbcdn.net
529,m365.cloud.microsoft
530,onetrust.com
531,imasdk.googleapis.com
532,apple.news
533,rapid7.com
534,c.apple.news
535,1rx.io
536,typekit.net
537,xy.fbcdn.net
538,ms-acdc.office.com
539,csp.withgoogle.com
540,api.snapchat.com
541,icloud-content.com
542,msidentity.com
543,play-lh.googleusercontent.com
544,ingress.rapid7.com
545,endpoint.ingress.rapid7.com
546,online.office.com
547,eb2.3lift.com
548,dotomi.com
549,cdn.doubleverify.com
550,idsync.rlcdn.com
551,sync.1rx.io
552,fpc.msedge.net
553,aad.cs.dds.microsoft.com
554,lijit.com
555,ooc-g2.tm-4.office.com
556,id5-sync.com
557,apple-relay.cloudflare.com
558,wg.spotify.com
559,token.rubiconproject.com
560,ci3.googleusercontent.com
561,spclient.wg.spotify.com
562,use.typekit.net
563,crwdcntrl.net
564,creativecdn.com
565,fastlane.rubiconproject.com
566,gmail.com
567,ohttp-relay1.fastly-edge.com
568,hbopenbid.pubmatic.com
569,b.tlu.dl.delivery.mp.microsoft.com
570,msedge.b.tlu.dl.delivery.mp.microsoft.com
571,everesttech.net
572,quantserve.com
573,fs.microsoft.com
574,spo-ring.msedge.net
575,fpinit.itunes.apple.com
576,wac-ring.msedge.net
577,dual-s-ring.msedge.net
578,teams-ring.msedge.net
579,gateway.instagram.com
580,us-u.openx.net
581,temu.com
582,cloudflareinsights.com
583,clarity.ms
584,secure.adnxs.com
585,htlb.casalemedia.com
586,prod-lt-playstoregatewayadapter-pa.googleapis.com
587,stackadapt.com
588,edge-consumer-static.azureedge.net
589,srv.stackadapt.com
590,lcdn-locator.apple.com
591,data.msn.com
592,cc.skype.com
593,tiktokv.com
594,events.data.msn.com
595,browser.events.data.msn.com
596,tps.doubleverify.com
597,courier-push-apple.com.akadns.net
598,ybp.yahoo.com
599,augloop.svc.cloud.microsoft
600,pinterest.com
601,tiktokcdn-us.com
602,r.manage.microsoft.com
603,adservice.google.com
604,acdc-direct.office.com
605,setup.icloud.com
606,visualstudio.com
607,dscw154.akamai.net
608,wps.apple.com
609,aa.agkn.com
610,static.cloudflareinsights.com
611,ecn-us.dev.virtualearth.net
612,clients1.google.com
613,playstoregatewayadapter-pa.googleapis.com
614,adform.net
615,cl3.apple.com
616,outlook.cloud.microsoft
617,eastus2.cloudapp.azure.com
618,resources.office.net
619,common.online.office.com
620,public.cdn.office.net
621,tiktokcdn.com
622,tiktok.com
623,webex.com
624,zoom.us
625,turn.com
626,js.monitor.azure.com
627,i.liadm.com
628,ads.pubmatic.com
629,fbs.smoot.apple.com
630,geolocation.onetrust.com
631,ssum-sec.casalemedia.com
632,content.office.net
633,xz.fbcdn.net
634,support.content.office.net
635,copilot.cloud.microsoft
636,amp-api-edge.apps.apple.com
637,iadsdk.apple.com
638,360yield.com
639,usercontent.microsoft
640,33across.com
641,minerva.devices.a2z.com
642,prod.service.minerva.devices.a2z.com
643,service.minerva.devices.a2z.com
644,ups.analytics.yahoo.com
645,geller-pa.googleapis.com
646,inmobi.com
647,ntp.msn.com
648,bugsnag.com
649,rtb.openx.net
650,us-east-1.prod.service.minerva.devices.a2z.com
651,api-noam.flightproxy.teams.microsoft.com
652,armmf.adobe.com
653,wac-ring-fallback.msedge.net
654,android.apis.google.com
655,teams-ring-fallback.msedge.net
656,dual-s-ring-fallback.msedge.net
657,spov-ring-fallback.msedge.net
658,match.sharethrough.com
659,bidr.io
660,connectivity-test.static.microsoft
661,connectivity-test.usercontent.microsoft
662,wise-m.public.cdn.office.net
663,prod.bidr.io
664,nrdp.prod.cloud.netflix.com
665,connectivity-test.cloud.microsoft
666,chat.google.com
667,mso.msidentity.com
668,login.mso.msidentity.com
669,exp-tas.com
670,default.exp-tas.com
671,graph-next.fp.measure.office.com
672,push-apple.com.akadns.net
673,dns.google
674,oauth2.googleapis.com
675,aws.api.snapchat.com
676,dt.adsafeprotected.com
677,ecn.dev.virtualearth.net
678,discover-pa.googleapis.com
679,edge.digicert.com
680,services.visualstudio.com
681,fls.doubleclick.net
682,ipv4probe.office.com
683,tr-ssc-mira.office.com
684,amplitude.com
685,winatp-gw-eus.microsoft.com
686,drivefrontend-pa.clients6.google.com
687,meraki.com
688,tlx.3lift.com
689,dscg.akamaiedge.net
690,braze.com
691,web.core.windows.net
692,www.amazon.com
693,spot-pa.googleapis.com
694,pr-bh.ybp.yahoo.com
695,atm-fp-direct.office.com
696,iphone-ld.origin-apple.com.akadns.net
697,dc.services.visualstudio.com
698,omtrdc.net
699,fna.fbcdn.net
700,people-pa.clients6.google.com
701,shell.cdn.office.net
702,fallback.c10r.facebook.com
703,match.prod.bidr.io
704,z13.web.core.windows.net
705,www.clarity.ms
706,gspe1-ssl.ls.apple.com
707,yieldmo.com
708,sync.srv.stackadapt.com
709,gcp.api.snapchat.com
710,imap.gmail.com
711,calendar.google.com
712,clever.com
713,officewhatsnew.z13.web.core.windows.net
714,z-p42-chat-e2ee-ig.facebook.com
715,valid.apple.com
716,strln.net
717,p.typekit.net
718,safelinks.protection.outlook.com
719,pki.strln.net
720,cagenerator.pki.strln.net
721,crl.prod.cagenerator.pki.strln.net
722,prod.cagenerator.pki.strln.net
723,kinesisvideo.us-west-2.amazonaws.com
724,gs-loc-new.ls-apple.com.akadns.net
725,contextweb.com
726,grammarly.com
727,indexww.com
728,reddit.com
729,gsa.apple.com
730,com.edgekey.net
731,fundingchoicesmessages.google.com
732,eus.rubiconproject.com
733,ads.yieldmo.com
734,wbx2.com
735,deff.nelreports.net
736,eu-mobile.events.data.microsoft.com
737,inappcheck.itunes.apple.com
738,unagi-na.amazon.com
739,zemanta.com
740,dsum-sec.casalemedia.com
741,me.apple-dns.net
742,smaato.net
743,ocsp.edge.digicert.com
744,stickyadstv.com
745,com.cdn.cloudflare.net
746,dscapi9.akamai.net
747,www.linkedin.com
748,aps.amazon-adsystem.com
749,apple-cloudkit.com
750,api.apple-cloudkit.com
751,www.temu.com
752,1-courier.push.apple.com
753,chromewebstore.googleapis.com
754,ads.stickyadstv.com
755,apps.mzstatic.com
756,api.smoot.apple.com
757,opera.com
758,image8.pubmatic.com
759,cloudsink.net
760,meetings.googleapis.com
761,mozilla.com
762,services.mozilla.com
763,sandbox.itunes.apple.com
764,branch.io
765,bh.contextweb.com
766,b1sync.zemanta.com
767,firebaselogging.googleapis.com
768,attachments.office.net
769,go-mpulse.net
770,guzzoni-apple-com.v.aaplimg.com
771,grammarly.io
772,r.bing.com
773,checkappexec.microsoft.com
774,rtb-csync.smartadserver.com
775,credentials.iot.us-west-2.amazonaws.com
776,us-east1-aws.api.snapchat.com
777,notify.adobe.io
778,e6858.dsce9.akamaiedge.net
779,displaycatalog.mp.microsoft.com
780,mixpanel.com
781,weather.microsoft.com
782,storecatalogrevocation.storequality.microsoft.com
783,storequality.microsoft.com
784,sc-cdn.net
785,c1.adform.net
786,ssbsync.smartadserver.com
787,c1ybkrkbr1j10x.credentials.iot.us-west-2.amazonaws.com
788,ipv6.msftconnecttest.com
789,dns-tunnel-check.googlezip.net
790,criteo.net
791,sitescout.com
792,gsp64-ssl.ls.apple.com
793,star.fallback.c10r.facebook.com
794,goguardian.com
795,tile-service.weather.microsoft.com
796,trustarc.com
797,ad.smaato.net
798,static.xx.fbcdn.net
799,tiktokv.us
800,c10r.instagram.com
801,config.aps.amazon-adsystem.com
802,aws-proxy-gcp.api.snapchat.com
803,femetrics.grammarly.io
804,acdn.adnxs.com
805,js-sec.indexww.com
806,teads.tv
807,a-mo.net
808,tremorhub.com
809,ai-asm-api.wyzecam.com
810,taskassist-pa.googleapis.com
811,u.openx.net
812,pixel-sync.sitescout.com
813,android.com
814,contextual.media.net
815,samsung.com
816,appsgenaiserver-pa.clients6.google.com
817,noam.cc.skype.com
818,fontawesome.com
819,dis.criteo.com
820,analytics.tiktok.com
821,waconatm.officeapps.live.com
822,app-analytics-v2.snapchat.com
823,mobile.launchdarkly.com
824,simpli.fi
825,safebrowsing-proxy.g.aaplimg.com
826,s.ad.smaato.net
827,pinimg.com
828,star-mini.c10r.facebook.com
829,api.endpoint.ingress.rapid7.com
830,waconafd.officeapps.live.com
831,teams.nel.measure.office.net
832,cosmic.office.net
833,b1sync.outbrain.com
834,gs-loc.ls-apple.com.akadns.net
835,yellowblue.io
836,static.adsafeprotected.com
837,gsas.apple.com
838,onetag-sys.com
839,oauth.officeapps.live.com
840,typekit.com
841,unity3d.com
842,id.rlcdn.com
843,chat-e2ee-mini.facebook.com
844,clients2.googleusercontent.com
845,prebid.a-mo.net
846,ap.lijit.com
847,trc.taboola.com
848,entitlements.itunes.apple.com
849,dns.apple.com
850,doh.dns.apple.com
851,ad.360yield.com
852,flashtalking.com
853,acroipm2.adobe.com
854,elb.us-east-1.amazonaws.com
855,polka.typekit.com
856,unpkg.com
857,js-agent.newrelic.com
858,peoplestack-pa.googleapis.com
859,aks-prod-eastus.access-point.cloudmessaging.edge.microsoft.com
860,location.live.net
861,msh.amazon.com
862,d.agkn.com
863,c.go-mpulse.net
864,safebrowsingohttpgateway.googleapis.com
865,yimg.com
866,pixel.adsafeprotected.com
867,rfihub.com
868,weather.com
869,s.yimg.com
870,com.trafficmanager.net
871,dscd.akamai.net
872,cdn.id5-sync.com
873,spo.nel.measure.office.net
874,giphy.com
875,verisign.com
876,inference.location.live.net
877,smp-device-content.apple.com
878,time.android.com
879,history.google.com
880,ad.turn.com
881,image6.pubmatic.com
882,gspe19-ssl.ls.apple.com
883,live.com.akadns.net
884,myanalytics.cdn.office.net
885,amcdn.msftauth.net
886,unrulymedia.com
887,agave.myanalytics.cdn.office.net
888,gsp10-ssl.apple.com
889,targeting.unrulymedia.com
890,msauth.net
891,instagram.c10r.instagram.com
892,3gppnetwork.org
893,pub.3gppnetwork.org
894,us-central1-gcp.api.snapchat.com
895,sync-tm.everesttech.net
896,relay.teams.microsoft.com
897,tenable.com
898,data.trafficmanager.net
899,test-gateway.instagram.com
900,edge-itunes-apple.com.akadns.net
901,loopme.me
902,mozilla.org
903,app.launchdarkly.com
904,um.simpli.fi
905,events.launchdarkly.com
906,cf-st.sc-cdn.net
907,bootstrapcdn.com
908,cloud.tenable.com
909,sessions.bugsnag.com
910,csync.loopme.me
911,jquery.com
912,acrobat.adobe.com
913,code.jquery.com
914,s.youtube.com
915,ioc-gw-prod-us-1a.sentinelone.net
916,gumgum.com
917,gnar.grammarly.com
918,treatment.grammarly.com
919,ioc-gw-prod-us-1b.sentinelone.net
920,beacons2.gvt2.com
921,excel-telemetry.officeapps.live.com
922,adx.opera.com
923,mail-ads.google.com
924,ibyteimg.com
925,z-m-gateway.facebook.com
926,ipredictive.com
927,amazontrust.com
928,events.data.trafficmanager.net
929,geover.prod.do.dsp.mp.microsoft.com
930,xp.itunes-apple.com.akadns.net
931,prod-streaming-video-msn-com.akamaized.net
932,aptrinsic.com
933,dscb.akamaiedge.net
934,p.rfihub.com
935,cd.akamaiedge.net
936,cms.quantserve.com
937,nrdp52-appboot.netflix.com
938,truste.com
939,netcts.cdn-apple.com
940,oneocsp.microsoft.com
941,microsoftazuread-sso.com
942,autologon.microsoftazuread-sso.com
943,apple.com.edgesuite.net
944,postrelease.com
945,servedby.flashtalking.com
946,classroom.google.com
947,stripe.com
948,qualtrics.com
949,lh7-rt.googleusercontent.com
950,api.weather.com
951,optimizely.com
952,mzstorekit.itunes.apple.com
953,clientstream.launchdarkly.com
954,e3913.cd.akamaiedge.net
955,mesu.g.aaplimg.com
956,auth.grammarly.com
957,sensor.cloud.tenable.com
958,usc-collabrtc.officeapps.live.com
959,csp.microsoft.com
960,usc1-gcp-v62.api.snapchat.com
961,dsct.akamaiedge.net
962,nexus.officeapps.live.com
963,api-global.netflix.com
964,nflxso.net
965,pushnp.svc.ms
966,sonobi.com
967,go.sonobi.com
968,query.ess.apple.com
969,lh6.googleusercontent.com
970,app.snapchat.com
971,sync.crwdcntrl.net
972,app-site-association.cdn-apple.com
973,ssp-sync.criteo.com
974,cs.media.net
975,t.adx.opera.com
976,crl.verisign.com
977,pippio.com
978,ssc-cms.33across.com
979,aadcdn.msauth.net
980,e17437.dsct.akamaiedge.net
981,lb-apple.com.akadns.net
982,namequery.com
983,inquisition.goguardian.com
984,aadcdn.msftauth.net
985,p13n.adobe.io
986,choices.trustarc.com
987,collegeboard.org
988,mfadsrvr.com
989,siteintercept.qualtrics.com
990,sandbox.push.apple.com
991,chatgpt.com
992,accountcapabilities-pa.googleapis.com
993,arcus-uswest.amazon.com
994,connatix.com
995,settings.services.mozilla.com
996,firefox.settings.services.mozilla.com
997,classlink.com
998,choices.truste.com
999,eu-1-id5-sync.com
1000,dsca.akamaiedge.net
1001,chat.cdn.whatsapp.net
1002,1.nflxso.net
1003,imrworldwide.com
1004,tr.snapchat.com
1005,applovin.com
1006,deepintent.com
1007,sync.ipredictive.com
1008,prebid-server.rubiconproject.com
1009,appsforoffice.microsoft.com
1010,ssl-images-amazon.com
1011,eu-v20.events.data.microsoft.com
1012,ip.goguardian.com
1013,translate.googleapis.com
1014,image2.pubmatic.com
1015,extension.grammarly.com
1016,config.extension.grammarly.com
1017,mobile.pipe.aria.microsoft.com
1018,jadserve.postrelease.com
1019,www.cisco.com
1020,static.criteo.net
1021,countvoncount.goguardian.com
1022,mathtag.com
1023,cdn.optimizely.com
1024,ce.lijit.com
1025,lh4.googleusercontent.com
1026,rtb0.doubleverify.com
1027,azure-devices.net
1028,company-target.com
1029,rtb.mfadsrvr.com
1030,hotjar.com
1031,admanmedia.com
1032,ls.v.aaplimg.com
1033,main.endpoint.ingress.rapid7.com
1034,configuration.ls.v.aaplimg.com
1035,match.deepintent.com
1036,capi.connatix.com
1037,drive-thirdparty.googleusercontent.com
1038,crashlyticsreports-pa.googleapis.com
1039,fa000000110.resources.office.net
1040,security.microsoft.com
1041,lh5.googleusercontent.com
1042,cdn.taboola.com
1043,us.main.endpoint.ingress.rapid7.com
1044,life360.com
1045,lb.eu-1-id5-sync.com
1046,bolt-gcdn.sc-cdn.net
1047,fw.adsafeprotected.com
1048,simage2.pubmatic.com
1049,store.microsoft.com
1050,pti.store.microsoft.com
1051,cs.admanmedia.com
1052,ct.pinterest.com
1053,us.sentry.io
1054,cdn.branch.io
1055,ssl.com
1056,applicationinsights.azure.com
1057,ingest.us.sentry.io
1058,1-courier.sandbox.push.apple.com
1059,w55c.net
1060,omnitagjs.com
1061,sync.go.sonobi.com
1062,intentiq.com
1063,endpoint.security.microsoft.com
1064,dscgi3.akamai.net
1065,samsungcloud.com
1066,ent-nfc-api.msn.com
1067,config.edge.skype.com.trafficmanager.net
1068,edge.skype.com.trafficmanager.net
1069,skype.com.trafficmanager.net
1070,presage.io
1071,chat-e2ee.facebook.com
1072,login5.spotify.com
1073,in.applicationinsights.azure.com
1074,btloader.com
1075,snat.goguardian.com
1076,rp.liadm.com
1077,privatelink.msidentity.com
1078,images-na.ssl-images-amazon.com
1079,enduser.adsrvr.org
1080,redditstatic.com
1081,www.redditstatic.com
1082,snap.licdn.com
1083,media.licdn.com
1084,extension.femetrics.grammarly.io
1085,a1931.dscgi3.akamai.net
1086,amp-api-edge-lb.itunes-apple.com.akadns.net
1087,eu-office.events.data.microsoft.com
1088,api.apple-cloudkit.fe2.apple-dns.net
1089,apple-cloudkit.fe2.apple-dns.net
1090,amp-api.apps.apple.com
1091,cloudsearch.googleapis.com
1092,p16-pu-sign-useast8.tiktokcdn-us.com
1093,geo2.adobe.com
1094,configuration.apple.com.akadns.net
1095,b-graph.facebook.com
1096,rewardsplatform.microsoft.com
1097,adobelogin.com
1098,api.rlcdn.com
1099,dscx.akamaiedge.net
1100,static.hotjar.com
1101,redirector.googlevideo.com
1102,prod.rewardsplatform.microsoft.com
1103,trafficshaping.dsp.mp.microsoft.com
1104,tsfe.trafficshaping.dsp.mp.microsoft.com
1105,bootstrap.endpoint.ingress.rapid7.com
1106,contacts.fe2.apple-dns.net
1107,1.courier-push-apple.com.akadns.net
1108,is1-ssl.mzstatic.com
1109,ts.amazon-adsystem.com
1110,api2.amplitude.com
1111,insight.adsrvr.org
1112,aax-us-east.amazon-adsystem.com
1113,admin.microsoft.com
1114,prebid.media.net
1115,s.pinimg.com
1116,amazonalexa.com
1117,pbs.yahoo.com
1118,aax-eu.amazon-adsystem.com
1119,readaloud.googleapis.com
1120,dell.com
1121,scontent.cdninstagram.com
1122,quiddity.goguardian.com
1123,fp.msedge.net
1124,a.akamaiedge.net
1125,instantmessaging-pa.googleapis.com
1126,waluigi.goguardian.com
1127,msftstatic.com
1128,r.msftstatic.com
1129,firestore.googleapis.com
1130,kargo.com
1131,adkernel.com
1132,alb.reddit.com
1133,mookie1.com
1134,ad-delivery.net
1135,arcticwolf.net
1136,app.collegeboard.org
1137,mask-api.fe2.apple-dns.net
1138,ipcdn.apple.com
1139,bttrack.com
1140,us.criteo.com
1141,publicassets.cdn-apple.com
1142,cl4.apple.com
1143,bluebook.app.collegeboard.org
1144,tags.crwdcntrl.net
1145,au.download.windowsupdate.com
1146,pusher.com
1147,weatherkit.apple.com.akadns.net
1148,sync.mathtag.com
1149,secure.netflix.com
1150,us-east-2.amazonaws.com
1151,axp.amazon-adsystem.com
1152,ab.chatgpt.com
1153,eyeota.net
1154,ps.eyeota.net
1155,ts.cdn.office.net
1156,c2r.ts.cdn.office.net
1157,identity.nel.measure.office.net
1158,appsflyer.com
1159,amd-infra.itunes.apple.com
1160,sync.taboola.com
1161,scdn.co
1162,ssl.google-analytics.com
1163,account.samsung.com
1164,oec16-normal-useast5.tiktokv.us
1165,ms-cookie-sync.presage.io
1166,aadg.akadns.net
1167,ls.apple.com.edgesuite.net
1168,prd.aadg.akadns.net
1169,instructure.com
1170,mail.yahoo.com
1171,btlr.sharethrough.com
1172,f.c2r.ts.cdn.office.net
1173,t.co
1174,mozilla.net
1175,okta.com
1176,platinumai.net
1177,grid-bidder.criteo.com
1178,tm-sdk.platinumai.net
1179,qualys.com
1180,client-api.itunes.apple.com
1181,cp601.prod.do.dsp.mp.microsoft.com
1182,sync.intentiq.com
1183,citrix.com
1184,apps.qualys.com
1185,richaudience.com
1186,cdn.mozilla.net
1187,fls-na.amazon.com
1188,analytics.twitter.com
1189,secure-assets.rubiconproject.com
1190,g.akamaiedge.net
1191,a.prd.aadg.akadns.net
1192,o.pki.goog
1193,whatsapp.com
1194,api.account.samsung.com
1195,f-log-extension.grammarly.io
1196,us-east4-gcp.api.snapchat.com
1197,yandex.ru
1198,dv.tech
1199,worldaz.relay.teams.microsoft.com
1200,bcp.crwdcntrl.net
1201,www.instagram.com
1202,walkme.com
1203,europe.cp.wd.microsoft.com
1204,sync.outbrain.com
1205,updates.cdn-apple.com
1206,chat-e2ee-ig-p42.c10r.facebook.com
1207,ocsps.ssl.com
1208,cdn.flashtalking.com
1209,d.turn.com
1210,westeurope.cloudapp.azure.com
1211,oec19-normal-useast5.tiktokv.us
1212,enterpriseregistration.windows.net
1213,translate.google.com
1214,wikipedia.com
1215,sc-gw.com
1216,js.stripe.com
1217,hackaday.com
1218,sync.inmobi.com
1219,api.mixpanel.com
1220,vtrk.dv.tech
1221,voilatile-pa.googleapis.com
1222,espressif.com
1223,esxdos.org
1224,sync.targeting.unrulymedia.com
1225,m.stripe.com
1226,g2.spotify.com
1227,push.services.mozilla.com
1228,tt.omtrdc.net
1229,functional.events.data.microsoft.com
1230,adjust.com
1231,api.sc-gw.com
1232,recaptcha.net
1233,p16-sign.tiktokcdn-us.com
1234,cstat.cdn-apple.com
1235,sync.adkernel.com
1236,api.btloader.com
1237,sc-static.net
1238,jamfcloud.com
1239,ce.apple-dns.net
1240,adentifi.com
1241,ads-twitter.com
1242,static.ads-twitter.com
1243,me.com
1244,globalsign.com
1245,mail.me.com
1246,whoami.akamai.net
1247,pixel.quantserve.com
1248,rt.applovin.com
1249,o.lencr.org
1250,rtb.adentifi.com
1251,telemetry.mozilla.org
1252,incoming.telemetry.mozilla.org
1253,dl.google.com
1254,onedrive.live.com
1255,cusw2.blob.core.windows.net
1256,capi.grammarly.com
1257,watson.events.data.microsoft.com
1258,script.ac
1259,www.recaptcha.net
1260,securetoken.googleapis.com
1261,thrtle.com
1262,lcs-cops.adobe.io
1263,partners.tremorhub.com
1264,northeurope.cloudapp.azure.com
1265,googleads4.g.doubleclick.net
1266,europe.smartscreen.microsoft.com
1267,kt-prod.v.aaplimg.com
1268,ims-prod06.adobelogin.com
1269,sync.richaudience.com
1270,usertrust.com
1271,tr6.snapchat.com
1272,mozgcp.net
1273,infra.webex.com
1274,s.mzstatic.com
1275,disqus.com
1276,sc.omtrdc.net
1277,a2030.dscapi9.akamai.net
1278,prod.infra.webex.com
1279,rupload.facebook.com
1280,cootlogix.com
1281,translate-pa.googleapis.com
1282,e3528.dscg.akamaiedge.net
1283,duplex.snapchat.com
1284,aws.duplex.snapchat.com
1285,lbs.eu-1-id5-sync.com
1286,ax-msedge.net
1287,services.adobe.com
1288,sectigo.com
1289,microsoft.us
1290,fastclick.net
1291,c.clarity.ms
1292,cdn.fastclick.net
1293,secure.cdn.fastclick.net
1294,st.pubmatic.com
1295,cdn-apple.com.akadns.net
1296,ep2.facebook.com
1297,maxcdn.bootstrapcdn.com
1298,sync.smartadserver.com
1299,vast.doubleverify.com
1300,courier-sandbox-push-apple.com.akadns.net
1301,exelator.com
1302,ak.privatelink.msidentity.com
1303,slack.com
1304,segment.io
1305,templates.cdn.office.net
1306,time.google.com
1307,adobess.com
1308,health.apple.com
1309,winatp-gw-cus.microsoft.com
1310,searchnotifications-pa.googleapis.com
1311,api.segment.io
1312,p19-oec-va.ibyteimg.com
1313,search.namequery.com
1314,1.courier-sandbox-push-apple.com.akadns.net
1315,goldengate.grammarly.com
1316,usersub-a.wbx2.com
1317,setup.fe2.apple-dns.net
1318,use.fontawesome.com
1319,mobile.events.data.trafficmanager.net
1320,spotifycdn.com
1321,gsp10-ssl.ls.apple.com
1322,gvt3.com
1323,beacons5.gvt3.com
1324,l.googleusercontent.com
1325,twimg.com
1326,locus-a.wbx2.com
1327,global.fastly.net
1328,stocks-data-service.apple.com
1329,seedtag.com
1330,dc-api.adobe.io
1331,star-mini.fallback.c10r.facebook.com
1332,roaming1.live.com.akadns.net
1333,api.amazonalexa.com
1334,privacymanager.io
1335,tribalfusion.com
1336,bfmio.com
1337,printercloud.com
1338,ad-events.flashtalking.com
1339,vungle.com
1340,tesla.services
1341,duosecurity.com
1342,s.seedtag.com
1343,gcdn.2mdn.net
1344,datadog.pool.ntp.org
1345,datadoghq-browser-agent.com
1346,www.datadoghq-browser-agent.com
1347,adblockplus.org
1348,deviceintegritytokens-pa.googleapis.com
1349,stripe.network
1350,c.2mdn.net
1351,launchpad.classlink.com
1352,aniview.com
1353,dit.whatsapp.net
1354,intel.com
1355,pcms.apple.com
1356,suggestqueries.google.com
1357,easylist-downloads.adblockplus.org
1358,intercom.io
1359,content-signature-2.cdn.mozilla.net
1360,m.stripe.network
1361,playatoms-pa.googleapis.com
1362,us.endpoint.security.microsoft.com
1363,tm.a.prd.aadg.akadns.net
1364,www.tm.a.prd.aadg.akadns.net
1365,apresolve.spotify.com
1366,p19-oec-ttp.tiktokcdn-us.com
1367,ads.vungle.com
1368,us.api.endpoint.ingress.rapid7.com
1369,sync.bfmio.com
1370,pkicvs.cisco.com
1371,api16-normal-useast5.tiktokv.us
1372,a.tribalfusion.com
1373,gateway.devices.a2z.com
1374,p16-sign-sg.tiktokcdn.com
1375,ic3.events.data.microsoft.com
1376,image4.pubmatic.com
1377,uksouth.cloudapp.azure.com
1378,js.adsrvr.org
1379,px-cloud.net
1380,cdn-icloud-content.g.aaplimg.com
1381,cdn-ima.33across.com
1382,webservices.mozgcp.net
1383,prod.webservices.mozgcp.net
1384,script.hotjar.com
1385,aefd.nelreports.net
1386,chartbeat.net
1387,metadata.templates.cdn.office.net
1388,tiqcdn.com
1389,b.akamaiedge.net
1390,i.scdn.co
1391,segment.com
1392,1d.tlu.dl.delivery.mp.microsoft.com
1393,a9.amazon.dev
1394,adsqtungsten.a9.amazon.dev
1395,tags.tiqcdn.com
1396,bdec.microsoft.com
1397,core.bdec.microsoft.com
1398,crb.kargo.com
1399,edge.e2ro.com
1400,cdn.walkme.com
1401,direct.adsrvr.org
1402,sstats.adobe.com
1403,p19-pu-sign-useast8.tiktokcdn-us.com
1404,tr-ooc-atm.office.com
1405,p19-sign.tiktokcdn-us.com
1406,m.facebook.com
1407,myapps.classlink.com
1408,qq.com
1409,cp501.prod.do.dsp.mp.microsoft.com
1410,ftstatic.com
1411,eeroup.com
1412,microsoftpersonalcontent.com
1413,crl4.digicert.com
1414,godaddy.com
1415,ess-apple.com.akadns.net
1416,my.microsoftpersonalcontent.com
1417,quantcount.com
1418,yahoodns.net
1419,cds.apple.com
1420,ipv6.microsoft.com
1421,tynt.com
1422,kinesis.us-east-1.amazonaws.com
1423,odr.mookie1.com
1424,excelonline.nel.measure.office.net
1425,prod.roaming1.live.com.akadns.net
1426,ipify.org
1427,firebaseremoteconfigrealtime.googleapis.com
1428,tpsc-ue1.doubleverify.com
1429,gdmf.v.aaplimg.com
1430,musicstatus.itunes.apple.com
1431,proactivebackend-pa.googleapis.com
1432,mdav.us.endpoint.security.microsoft.com
1433,amazonvideo.com
1434,yandex.net
1435,prebid.adnxs.com
1436,b.akamai.net
1437,de.tynt.com
1438,net.akadns.net
1439,agen-assets.ftstatic.com
1440,bidder.criteo.com
1441,dns-finder.com
1442,ag.dns-finder.com
1443,pubsub.googleapis.com
1444,force.com
1445,cs-server-s2s.yellowblue.io
1446,pd.itunes.apple.com
1447,dscd.akamaiedge.net
1448,ad.cpe.dotomi.com
1449,cpe.dotomi.com
1450,cp801.prod.do.dsp.mp.microsoft.com
1451,onenote.net
1452,rqtrk.eu
1453,ontology.health.apple.com
1454,ms.applovin.com
1455,wdcp.microsoft.com
1456,ad.gt
1457,onedrive.com
1458,api.amazonvideo.com
1459,grid.bidswitch.net
1460,ssp.disqus.com
1461,tq-tungsten.com
1462,youtube-ui.l.google.com
1463,content-storage-upload.googleapis.com
1464,cm.adform.net
1465,notify.bugsnag.com
1466,android.pool.ntp.org
1467,visitor.omnitagjs.com
1468,addons-pa.googleapis.com
1469,acuityplatform.com
1470,pm.w55c.net
1471,remote-settings.prod.webservices.mozgcp.net
1472,prod.remote-settings.prod.webservices.mozgcp.net
1473,cdn77.org
1474,gpi3.life360.com
1475,hicloud.com
1476,dgw-ig.c10r.facebook.com
1477,sn.tesla.services
1478,rtb.gumgum.com
1479,tzm.px-cloud.net
1480,tr-ooc-acdc.office.com
1481,d.akamaiedge.net
1482,adgrx.com
1483,sni.global.fastly.net
1484,chat-e2ee.c10r.facebook.com
1485,msua06.manage.microsoft.com
1486,bid.g.doubleclick.net
1487,agents.msua06.manage.microsoft.com
1488,2.android.pool.ntp.org
1489,dropbox.com
1490,wps.v.aaplimg.com
1491,krxd.net
1492,clarium.io
1493,pbs.twimg.com
1494,protected-by.clarium.io
1495,api.onedrive.com
1496,lenovo.com
1497,cl3-cdn.origin-apple.com.akadns.net
1498,rkdms.com
1499,server.events.data.microsoft.com
1500,trustedstack.com
1501,idx.liadm.com
1502,innovid.com
1503,weather-data.apple.com
1504,hb.trustedstack.com
1505,na.adsqtungsten.a9.amazon.dev
1506,prod.na.adsqtungsten.a9.amazon.dev
1507,tungsten-service.prod.na.adsqtungsten.a9.amazon.dev
1508,clients.l.google.com
1509,usc1-gcp-v61.api.snapchat.com
1510,wt.rqtrk.eu
1511,aadg.trafficmanager.net
1512,prd.aadg.trafficmanager.net
1513,bluekai.com
1514,bytedance.map.fastly.net
1515,s.company-target.com
1516,unagi.amazon.com
1517,onesignal.com
1518,api.samsungcloud.com
1519,cl2.g.aaplimg.com
1520,rezync.com
1521,live.rezync.com
1522,teams.trafficmanager.net
1523,footprints-pa.googleapis.com
1524,na.gateway.devices.a2z.com
1525,logs.ads.vungle.com
1526,ispot.tv
1527,roku.com
1528,a.prd.aadg.trafficmanager.net
1529,pull-f5-tt02.tiktokcdn-us.com
1530,events.endpoint.security.microsoft.com
1531,teams.office.com
1532,pull-f5-tt01.tiktokcdn-us.com
1533,panther.goguardian.com
1534,samsungapps.com
1535,api2.branch.io
1536,www.adobe.com
1537,snapkit.com
1538,array503.prod.do.dsp.mp.microsoft.com
1539,assets.clever.com
1540,pull-f5-va01.tiktokcdn-us.com
1541,iphone.life360.com
1542,instantmessaging-pa-jms-us.googleapis.com
1543,lb.indexww.com
1544,pull-f5-tt04.tiktokcdn-us.com
1545,0.pool.ntp.org
1546,cpusw2.blob.core.windows.net
1547,a1744.dscw154.akamai.net
1548,g2.gumgum.com
1549,ping.citrix.com
1550,office.akadns.net
1551,eu-teams.events.data.microsoft.com
1552,gravatar.com
1553,iad-01.braze.com
1554,ping.chartbeat.net
1555,semasio.net
1556,config.office.akadns.net
1557,apheleia-a.wbx2.com
1558,bing.net
1559,cloudinary.com
1560,pull-q5-va01.tiktokcdn-us.com
1561,beacon-iad2.rubiconproject.com
1562,pull-w5-va01.tiktokcdn-us.com
1563,ocsp.sectigo.com
1564,momentohq.com
1565,a.momentohq.com
1566,prod.a.momentohq.com
1567,a13lrv2jf2efa0-ats.iot.us-west-2.amazonaws.com
1568,winatp-gw-eus3.microsoft.com
1569,mediation.unity3d.com
1570,api.cache.cell-2-us-west-2-1.prod.a.momentohq.com
1571,cache.cell-2-us-west-2-1.prod.a.momentohq.com
1572,cell-2-us-west-2-1.prod.a.momentohq.com
1573,cf.iadsdk.apple.com
1574,configupdate-prd.sn.tesla.services
1575,spotxchange.com
1576,search.spotxchange.com
1577,canva.com
1578,pull-flv-f77-tt01.tiktokcdn-us.com
1579,edgeapi.slack.com
1580,i9.ytimg.com
1581,pull-flv-f77-tt02.tiktokcdn-us.com
1582,cs.yellowblue.io
1583,sharepointonline.com
1584,cacerts.digicert.com
1585,fp-us-att.rcs.telephony.goog
1586,dsum.casalemedia.com
1587,sync.search.spotxchange.com
1588,ums.acuityplatform.com
1589,device-config.pcms.apple.com
1590,unityads.unity3d.com
1591,android-context-data.googleapis.com
1592,secure.quantserve.com
1593,sync.teads.tv
1594,api.snapkit.com
1595,p16-sign-va.tiktokcdn.com
1596,pixel-us-east.rubiconproject.com
1597,captive-cidr.origin-apple.com.akadns.net
1598,adobedc.net
1599,btd-cmh.tq-tungsten.com
1600,www.btd-cmh.tq-tungsten.com
1601,mozaws.net
1602,init-p01md-lb.push-apple.com.akadns.net
1603,unified.adsafeprotected.com
1604,sq-tungsten-ts.amazon-adsystem.com
1605,amplitude.life360.com
1606,appier.net
1607,clients.config.office.akadns.net
1608,mediago.io
1609,z01.azurefd.net
1610,img.youtube.com
1611,stun.l.google.com
1612,conv-a.wbx2.com
1613,cloud.unity3d.com
1614,uiboot.netflix.com
1615,sdk.iad-01.braze.com
1616,c.appier.net
1617,undertone.com
1618,mesu-cdn.apple.com.akadns.net
1619,taskassist-pa.clients6.google.com
1620,fp-us-verizon.rcs.telephony.goog
1621,pull-flv-f77-tt04.tiktokcdn-us.com
1622,mobilemaps-pa-gz.googleapis.com
1623,apis.classlink.com
1624,tm.a.prd.aadg.trafficmanager.net
1625,www.tm.a.prd.aadg.trafficmanager.net
1626,usc-excel.officeapps.live.com
1627,lexicon.33across.com
1628,tpsc-video-ue.doubleverify.com
1629,pancake.cdn-apple.com.akadns.net
1630,pull-flv-f77-va01.tiktokcdn-us.com
1631,dual-s-msedge.net
1632,eu-west-1.amazonaws.com
1633,comodoca.com
1634,s-microsoft.com
1635,ls2-apple.com.akadns.net
1636,kueezrtb.com
1637,array509.prod.do.dsp.mp.microsoft.com
1638,segments.company-target.com
1639,confiant-integrations.net
1640,cdn.confiant-integrations.net
1641,x3-predictor.goguardian.com
1642,yt3.googleusercontent.com
1643,hp.com
1644,mgid.com
1645,msua01.manage.microsoft.com
1646,sync.cootlogix.com
1647,sb-ssl.google.com
1648,edge-mqtt-fallback.facebook.com
1649,sophos.com
1650,meet.google.com
1651,ml314.com
1652,lf16-gecko-source.tiktokcdn.com
1653,g2.akamai.net
1654,caldav.fe2.apple-dns.net
1655,roovza-launches.appsflyersdk.com
1656,agents.msua01.manage.microsoft.com
1657,d.applovin.com
1658,uipglob.semasio.net
1659,cloudflare-dns.com
1660,cdp.cloud.unity3d.com
1661,online-metrix.net
1662,ocsp.usertrust.com
1663,0.datadog.pool.ntp.org
1664,network-auth.com
1665,3px.axp.amazon-adsystem.com
1666,cm.everesttech.net
1667,in.grammarly.com
1668,s-0005.dual-s-msedge.net
1669,samsungosp.com
1670,m.adnxs.com
1671,s.go-mpulse.net
1672,cl2-cdn.origin-apple.com.akadns.net
1673,images.taboola.com
1674,logs.roku.com
1675,gc.apple.com
1676,logx.optimizely.com
1677,beta.clever.com
1678,pulse-event-service.beta.clever.com
1679,array601.prod.do.dsp.mp.microsoft.com
1680,hadronid.net
1681,cdn.hadronid.net
1682,geo.clients.config.office.akadns.net
1683,services.mozaws.net
1684,autograph.services.mozaws.net
1685,prod.autograph.services.mozaws.net
1686,content-signature-chains.prod.autograph.services.mozaws.net
1687,get-bx.g.aaplimg.com
1688,feedback-pa.clients6.google.com
1689,inner-active.mobi
1690,mamservice.manage.microsoft.com
1691,dsp.360yield.com
1692,atm-settingsfe-prod-geo2.trafficmanager.net
1693,hb.yellowblue.io
1694,beacon.krxd.net
1695,primis.tech
1696,inappcheck-lb.itunes-apple.com.akadns.net
1697,cl3.g.aaplimg.com
1698,rtactivate.com
1699,lookaside.facebook.com
1700,ajs-assets.ftstatic.com
1701,svc.webex.com
1702,thousandeyes.com
1703,classlink.io
1704,sp.analytics.yahoo.com
1705,fbsbx.com
1706,myapps.apis.classlink.com
1707,amp-api-edge-cdn-lb.itunes-apple.com.akadns.net
1708,media0.giphy.com
1709,www.canva.com
1710,cp-t-usw2.s3.us-west-2.amazonaws.com
1711,o-sdk.mediation.unity3d.com
1712,media3.giphy.com
1713,api.ipify.org
1714,esp-us2.aptrinsic.com
1715,accounts.doubleclick.net
1716,slackb.com
1717,hydra.sophos.com
1718,x3-policy-maker.goguardian.com
1719,prod.hydra.sophos.com
1720,media.apple.com
1721,amp-api.media.apple.com
1722,photosdata-pa.googleapis.com
1723,gspe19-2-ssl.ls.apple.com.edgesuite.net
1724,nexus-websocket-a.intercom.io
1725,ingage.tech
1726,fna.whatsapp.net
1727,mcc310.pub.3gppnetwork.org
1728,live.primis.tech
1729,dscr.akamai.net
1730,github.com
1731,tmc-g2.tm-4.office.com
1732,us.bootstrap.endpoint.ingress.rapid7.com
1733,googlehosted.l.googleusercontent.com
1734,t-msedge.net
1735,platform.twitter.com
1736,gateway-asset.icloud-content.com
1737,hadron.ad.gt
1738,firefox.com
1739,us001-prod.arcticwolf.net
1740,prod.us001-prod.arcticwolf.net
1741,platform.hicloud.com
1742,traffic-nts-ip-assoc.xy.fbcdn.net
1743,cyberark.com
1744,na01.safelinks.protection.outlook.com
1745,a.ad.gt
1746,aa.online-metrix.net
1747,epm.cyberark.com
1748,mail-attachment.googleusercontent.com
1749,play.itunes.apple.com
1750,iqm.com
1751,tags.bluekai.com
1752,time.nist.gov
1753,rules.quantcount.com
1754,cell.nr-data.net
1755,pxl.iqm.com
1756,a1961.g2.akamai.net
1757,webcast16-normal-useast5.tiktokv.us
1758,insightexpressai.com
1759,secure.insightexpressai.com
1760,gsp57-ssl-locus.ls.apple.com
1761,www-apple-com.v.aaplimg.com
1762,cadmus2.script.ac
1763,geomobileservices-pa.googleapis.com
1764,mnc260.mcc310.pub.3gppnetwork.org
1765,t-0009.t-msedge.net
1766,ocsp2.globalsign.com
1767,aus5.mozilla.org
1768,fullstory.com
1769,gcs-us-00003.content-storage-upload.googleapis.com
1770,swallow-apple-com.v.aaplimg.com
1771,play.samsungcloud.com
1772,eskimi.com
1773,mobileconfiguration-pa.googleapis.com
1774,usercontent.google.com
1775,avs-alexa-14-na.amazon.com
1776,ids.ad.gt
1777,ag.innovid.com
1778,array615.prod.do.dsp.mp.microsoft.com
1779,array510.prod.do.dsp.mp.microsoft.com
1780,nws.zoom.us
1781,ocsp.comodoca.com
1782,southcentralus.cloudapp.azure.com
1783,analytics-log.classlink.io
1784,bamgrid.com
1785,mediavine.com
1786,api16-core-useast5.tiktokv.us
1787,lf-main-gecko-source.tiktokcdn.com
1788,mm3.akamai.net
1789,ols.officeapps.live.com
1790,footprintdns.com
1791,stocks-data-service.lb-apple.com.akadns.net
1792,salesforce.com
1793,inscloudgate.net
1794,api.twitter.com
1795,geo.yahoo.com
1796,api16-normal-useast8.tiktokv.us
1797,r10.o.lencr.org
1798,pus5-collabhubrtc.officeapps.live.com
1799,guc3-spclient.spotify.com
1800,paa-reporting-advertising.amazon
1801,ts01-b.cloudsink.net
1802,ara.paa-reporting-advertising.amazon
1803,dscb.akamai.net
1804,g.bing.com
1805,wu-b-net.trafficmanager.net
1806,spot.im
1807,app.pendo.io
1808,insops.net
1809,sentry.insops.net
1810,turing-writingassistance.edge.microsoft.com
1811,bpi.rtactivate.com
1812,ssbsync-global.smartadserver.com
1813,appsitemsuggest-pa.googleapis.com
1814,nf.smartscreen.microsoft.com
1815,ats-wrapper.privacymanager.io
1816,media1.giphy.com
1817,ocsp.godaddy.com
1818,usersync.gumgum.com
1819,media2.giphy.com
1820,iads.unity3d.com
1821,azure.net
1822,exchange.mediavine.com
1823,d9.flashtalking.com
1824,sophosupd.com
1825,dellupdater.dell.com
1826,beacon.lynx.cognitivlabs.com
1827,cognitivlabs.com
1828,lynx.cognitivlabs.com
1829,msecnd.net
1830,ittpx.eskimi.com
1831,nym2-ib.adnxs.com
1832,memex-pa.googleapis.com
1833,urs.microsoft.com
1834,adition.com
1835,ags.privatelink.msidentity.com
1836,adfarm1.adition.com
1837,vortex-win.data.microsoft.com
1838,experiments.apple.com
1839,array602.prod.do.dsp.mp.microsoft.com
1840,acrobat.com
1841,iterable.com
1842,gdmf-ados.apple.com
1843,chartbeat.com
1844,ax-0001.ax-msedge.net
1845,msua02.manage.microsoft.com
1846,northcentralus.cloudapp.azure.com
1847,learnplatform.com
1848,pn.ybp.yahoo.com
1849,ext-models-prod.s3.us-west-2.amazonaws.com
1850,fallback.xx.fbcdn.net
1851,dynatrace.com
1852,dprodmgd105.aa-rt.sharepoint.com
1853,msftncsi.com.edgesuite.net
1854,quantummetric.com
1855,api.main.endpoint.ingress.rapid7.com
1856,us.api.main.endpoint.ingress.rapid7.com
1857,a.teads.tv
1858,dscg2.akamai.net
1859,firebaseio.com
1860,api19-normal-useast5.tiktokv.us
1861,agents.msua02.manage.microsoft.com
1862,i.w55c.net
1863,samplicio.us
1864,audienceexposure.com
1865,outlook.ms-acdc.office.com
1866,eum-appdynamics.com
1867,scontent.fallback.xx.fbcdn.net
1868,pixel-config.reddit.com
1869,salesforceliveagent.com
1870,www.msftncsi.com.edgesuite.net
1871,dcg.microsoft.com
1872,aidemsrv.com
1873,prg.smartadserver.com
1874,s.innovid.com
1875,youtube.googleapis.com
1876,gue1-spclient.spotify.com
1877,springserve.com
1878,krushmedia.com
1879,ec.walkme.com
1880,ep.learnplatform.com
1881,a-mx.com
1882,id.a-mx.com
1883,cloudops.mozgcp.net
1884,prod.cloudops.mozgcp.net
1885,akstat.io
1886,array618.prod.do.dsp.mp.microsoft.com
1887,zendesk.com
1888,vo.msecnd.net
1889,store-images.s-microsoft.com
1890,telemetry.zoom.us
1891,us.telemetry.zoom.us
1892,vpaid.doubleverify.com
1893,us.criteo.net
1894,o167200.ingest.sentry.io
1895,media4.giphy.com
1896,microsoft.map.fastly.net
1897,hbx.media.net
1898,id.hadron.ad.gt
1899,app.slack.com
1900,prodregistryv2.org
1901,us-sandbox-courier-4.push-apple.com.akadns.net
1902,cs.krushmedia.com
1903,cdn.classlink.com
1904,storygize.net
1905,api.iterable.com
1906,ib.3lift.com
1907,webcast-ws16-normal-useast5.tiktokv.us
1908,adotmob.com
1909,sync.adotmob.com
1910,webcast19-normal-useast5.tiktokv.us
1911,blismedia.com
1912,tr.blismedia.com
1913,mtunnel4.meraki.com
1914,ws-goguardian.pusher.com
1915,germanywestcentral.cloudapp.azure.com
1916,collabrtc.officeapps.live.com
1917,array803.prod.do.dsp.mp.microsoft.com
1918,rtr.innovid.com
1919,pangle.io
1920,minutemedia-prebid.com
1921,privacysandboxservices.com
1922,e-volution.ai
1923,rootca1.amazontrust.com
1924,w3-reporting-nel.reddit.com
1925,wp.com
1926,array608.prod.do.dsp.mp.microsoft.com
1927,api-partner.spotify.com
1928,array624.prod.do.dsp.mp.microsoft.com
1929,a1838.dscw154.akamai.net
1930,cds.taboola.com
1931,api-js.mixpanel.com
1932,evidon.com
1933,ring.com
1934,relay.school
1935,geo.privacymanager.io
1936,launchpad.privacymanager.io
1937,array609.prod.do.dsp.mp.microsoft.com
1938,ids4.ad.gt
1939,4dex.io
1940,sync.e-volution.ai
1941,cdn.segment.com
1942,merino.services.mozilla.com
1943,win10-trt.msedge.net
1944,player.aniview.com
1945,xgapromomanager-pa.googleapis.com
1946,media6degrees.com
1947,msua04.manage.microsoft.com
1948,vzwwo.com
1949,wo.vzwwo.com
1950,calliope-anycast.prod.infra.webex.com
1951,array504.prod.do.dsp.mp.microsoft.com
1952,jwplayer.com
1953,api19-core-useast5.tiktokv.us
1954,agents.msua04.manage.microsoft.com
1955,config.teams.trafficmanager.net
1956,captive.g.aaplimg.com
1957,openwebmp.com
1958,win-global-asimov-leafs-events-data.trafficmanager.net
1959,serverbid.com
1960,office.trafficmanager.net
1961,r2m02.amazontrust.com
1962,shopify.com
1963,ecs.office.trafficmanager.net
1964,aws.api.sc-gw.com
1965,us.bytedance.map.fastly.net
1966,me.com.akadns.net
1967,mxptint.net
1968,mail.me.com.akadns.net
1969,sdds3.sophosupd.com
1970,bobdi-exter-1vqeilnw5zym1-5134ab8e5a874149.elb.us-east-1.amazonaws.com
1971,firetvcaptiveportal.com
1972,fledge.us.criteo.com
1973,static.chartbeat.com
1974,excel.officeapps.live.com
1975,ae.iads.unity3d.com
1976,array516.prod.do.dsp.mp.microsoft.com
1977,gamepass.com
1978,catalog.gamepass.com
1979,hblg.media.net
1980,analytics-events.apis.classlink.com
1981,tiktokcdn-eu.com
1982,ay.delivery
1983,mid.rkdms.com
1984,c.evidon.com
1985,nrdp.prod.ftl.netflix.com
1986,vimeo.com
1987,init-cdn-lb.ess-apple.com.akadns.net
1988,screencastify.com
1989,tanium.com
1990,mtunnel.meraki.com
1991,svc.screencastify.com
1992,medallia.com
1993,hubspot.com
1994,log.svc.screencastify.com
1995,beacon.taboola.com
1996,detectportal.firefox.com
1997,cm.adgrx.com
1998,createjs.com
1999,code.createjs.com
2000,cloud.tanium.com